array size,recursion limit,estimated time
20000,2,11384608
20000,4,21059297
20000,6,37602159
20000,8,35119615
20000,10,21553981
20000,12,6771875
20000,14,6474188
20000,16,8260499
20000,18,5802031
20000,20,11714746
20000,22,36460424
20000,24,23712515
20000,26,7018424
20000,28,13583093
20000,30,9980492
20000,32,9926923
20000,34,6309360
20000,36,4864786
20000,38,9228859
20000,40,11355312
20000,42,5527696
20000,44,11961462
20000,46,5152350
20000,48,5723427
20000,50,3581538
20000,52,4946463
20000,54,6923289
20000,56,3920521
20000,58,13416725
20000,60,6379899
20000,62,7157907
20000,64,5616968
20000,66,3689805
20000,68,3788152
20000,70,14485459
20000,72,29792646
20000,74,19846853
20000,76,20090256
20000,78,12391575
20000,80,11436666
20000,82,11460141
20000,84,15199487
20000,86,31683847
20000,88,14053873
20000,90,11565610
20000,92,10956230
20000,94,11164320
20000,96,15226815
20000,98,15833368
20000,100,13863243
20000,102,12642089
20000,104,10668682
20000,106,9561657
20000,108,11112763
20000,110,10748084
20000,112,10854374
20000,114,12611845
20000,116,10602112
20000,118,10732054
20000,120,8361168
20000,122,10783395
20000,124,7963988
20000,126,6961167
20000,128,6344490
20000,130,6377522
20000,132,6258000
20000,134,6256242
20000,136,6401336
20000,138,6382791
20000,140,6256660
20000,142,6475790
20000,144,6088706
20000,146,6054391
20000,148,5978371
20000,150,5904288
20000,152,6064065
20000,154,5916946
20000,156,6002984
20000,158,5942050
20000,160,6122297
20000,162,6417866
20000,164,6293374
20000,166,5842370
20000,168,5809388
20000,170,5980578
20000,172,5836076
20000,174,6009867
20000,176,5902212
20000,178,5805300
20000,180,7261948
20000,182,8116675
20000,184,7619129
20000,186,6822136
20000,188,7530162
20000,190,8397777
20000,192,8845735
20000,194,8351932
20000,196,8088283
20000,198,8841721
20000,200,9542979
20000,202,8884452
20000,204,7010144
20000,206,6932722
20000,208,6913965
20000,210,7546405
20000,212,6038149
20000,214,6881091
20000,216,5702681
20000,218,5229288
20000,220,5268010
20000,222,5100354
20000,224,5062091
20000,226,5122781
20000,228,5518591
20000,230,5227749
20000,232,5263673
20000,234,5063481
20000,236,5083426
20000,238,5159472
20000,240,3824184
20000,242,4590027
20000,244,5098793
20000,246,5195043
20000,248,5115231
20000,250,5082542
20000,252,5129537
20000,254,5096812
20000,256,5388976
20000,258,5135809
20000,260,5262131
20000,262,5212511
20000,264,5153216
20000,266,5166705
20000,268,3434336
20000,270,3014007
20000,272,3106035
20000,274,3346426
20000,276,3093768
20000,278,3071657
20000,280,3090901
20000,282,3072445
20000,284,3070309
20000,286,3038569
20000,288,3088577
20000,290,3027071
20000,292,3068585
20000,294,3098610
20000,296,3284144
20000,298,3119575
27599,2,18820852
27599,4,14383876
27599,6,14462754
27599,8,11916686
27599,10,12957173
27599,12,11436399
27599,14,11659431
27599,16,10988005
27599,18,10284774
27599,20,10114783
27599,22,10311077
27599,24,10104908
27599,26,10181987
27599,28,10286415
27599,30,7346667
27599,32,6513332
27599,34,6735537
27599,36,6051452
27599,38,5765494
27599,40,5797407
27599,42,5836024
27599,44,5812184
27599,46,5847200
27599,48,5714907
27599,50,5595476
27599,52,5492314
27599,54,1727943
27599,56,952305
27599,58,962061
27599,60,948715
27599,62,989855
27599,64,944643
27599,66,921104
27599,68,900071
27599,70,883483
27599,72,876193
27599,74,921808
27599,76,861882
27599,78,860744
27599,80,837580
27599,82,735816
27599,84,797622
27599,86,767710
27599,88,735945
27599,90,756074
27599,92,727797
27599,94,711179
27599,96,707338
27599,98,756615
27599,100,780220
27599,102,691923
27599,104,687472
27599,106,727519
27599,108,710766
27599,110,681655
27599,112,681513
27599,114,681276
27599,116,707299
27599,118,695181
27599,120,695237
27599,122,741475
27599,124,681900
27599,126,680503
27599,128,677204
27599,130,707553
27599,132,692858
27599,134,664965
27599,136,659310
27599,138,695415
27599,140,665223
27599,142,662600
27599,144,643372
27599,146,678419
27599,148,642234
27599,150,661003
27599,152,641770
27599,154,655258
27599,156,640866
27599,158,663439
27599,160,641031
27599,162,716207
27599,164,641342
27599,166,640155
27599,168,639060
27599,170,639330
27599,172,658466
27599,174,656587
27599,176,639527
27599,178,665021
27599,180,639382
27599,182,665730
27599,184,638152
27599,186,637301
27599,188,666986
27599,190,637077
27599,192,634722
27599,194,661732
27599,196,630336
27599,198,739667
27599,200,682018
27599,202,622327
27599,204,658445
27599,206,605286
27599,208,600139
27599,210,670126
27599,212,593691
27599,214,627847
27599,216,626000
27599,218,582478
27599,220,580933
27599,222,581408
27599,224,580662
27599,226,613544
27599,228,581378
27599,230,580776
27599,232,614032
27599,234,635002
27599,236,581239
27599,238,648313
27599,240,581734
27599,242,581075
27599,244,616683
27599,246,580434
27599,248,582267
27599,250,580907
27599,252,593343
27599,254,579071
27599,256,578122
27599,258,577324
27599,260,575684
27599,262,605452
27599,264,572453
27599,266,568182
27599,268,562676
27599,270,559402
27599,272,553307
27599,274,561351
27599,276,555528
27599,278,537972
27599,280,534579
27599,282,556920
27599,284,524767
27599,286,536670
27599,288,518849
27599,290,529992
27599,292,514250
27599,294,512453
27599,296,512148
27599,298,511273
38086,2,22007165
38086,4,18660966
38086,6,15166105
38086,8,13791801
38086,10,2088184
38086,12,1757698
38086,14,1736727
38086,16,1460871
38086,18,1430175
38086,20,1479792
38086,22,1363798
38086,24,1293481
38086,26,1258036
38086,28,1272819
38086,30,1252925
38086,32,1214072
38086,34,1224695
38086,36,1209379
38086,38,1248936
38086,40,1222095
38086,42,1200985
38086,44,1205428
38086,46,1182045
38086,48,1161181
38086,50,1094455
38086,52,1104881
38086,54,1089352
38086,56,1099690
38086,58,1077876
38086,60,1199725
38086,62,1079484
38086,64,1130090
38086,66,1096839
38086,68,1066105
38086,70,1096399
38086,72,1074191
38086,74,1145519
38086,76,1064423
38086,78,1068149
38086,80,1098185
38086,82,1062778
38086,84,1089764
38086,86,1055298
38086,88,1069455
38086,90,1037009
38086,92,1037289
38086,94,1028124
38086,96,991543
38086,98,980568
38086,100,994858
38086,102,963564
38086,104,982611
38086,106,968639
38086,108,971551
38086,110,956786
38086,112,957926
38086,114,956800
38086,116,997423
38086,118,980186
38086,120,957620
38086,122,985339
38086,124,1074933
38086,126,1008416
38086,128,988636
38086,130,960590
38086,132,951594
38086,134,947111
38086,136,943324
38086,138,973122
38086,140,931216
38086,142,944864
38086,144,938885
38086,146,919143
38086,148,953255
38086,150,936150
38086,152,932606
38086,154,913753
38086,156,913334
38086,158,913573
38086,160,936595
38086,162,915890
38086,164,914460
38086,166,947863
38086,168,928957
38086,170,914015
38086,172,933842
38086,174,985611
38086,176,925634
38086,178,925365
38086,180,916046
38086,182,901697
38086,184,950048
38086,186,906962
38086,188,920863
38086,190,913990
38086,192,903734
38086,194,995377
38086,196,873948
38086,198,863650
38086,200,891647
38086,202,861179
38086,204,874738
38086,206,880986
38086,208,861818
38086,210,860098
38086,212,860477
38086,214,862502
38086,216,870055
38086,218,890893
38086,220,872043
38086,222,861623
38086,224,874569
38086,226,917325
38086,228,860368
38086,230,858415
38086,232,905804
38086,234,871314
38086,236,857700
38086,238,857657
38086,240,856199
38086,242,874148
38086,244,897098
38086,246,877052
38086,248,856116
38086,250,917177
38086,252,1309863
38086,254,1135936
38086,256,977132
38086,258,876851
38086,260,855166
38086,262,1003339
38086,264,894802
38086,266,894242
38086,268,978470
38086,270,846363
38086,272,841469
38086,274,884235
38086,276,899490
38086,278,832471
38086,280,839683
38086,282,836662
38086,284,818245
38086,286,810082
38086,288,807570
38086,290,909076
38086,292,824309
38086,294,792286
38086,296,804842
38086,298,791483
52558,2,4504277
52558,4,2368044
52558,6,2351280
52558,8,2157500
52558,10,2068433
52558,12,2076863
52558,14,2110827
52558,16,1899710
52558,18,1955110
52558,20,1920941
52558,22,1857013
52558,24,1867464
52558,26,1854004
52558,28,1850692
52558,30,1889276
52558,32,1827007
52558,34,1695301
52558,36,1702326
52558,38,1674070
52558,40,1671871
52558,42,1686123
52558,44,1665870
52558,46,1645735
52558,48,1661812
52558,50,1713346
52558,52,1660595
52558,54,1700537
52558,56,1743670
52558,58,1684922
52558,60,1650031
52558,62,1640663
52558,64,1613001
52558,66,1560951
52558,68,1552020
52558,70,1502057
52558,72,1852776
52558,74,1872104
52558,76,1574929
52558,78,1639646
52558,80,1586769
52558,82,1508836
52558,84,1478416
52558,86,1513015
52558,88,1499599
52558,90,1472054
52558,92,1497374
52558,94,1467497
52558,96,1602976
52558,98,1496159
52558,100,1490031
52558,102,1493627
52558,104,1459677
52558,106,1473250
52558,108,1444545
52558,110,1559705
52558,112,1459755
52558,114,1494829
52558,116,1476964
52558,118,1464172
52558,120,1454970
52558,122,1447659
52558,124,1450814
52558,126,1434734
52558,128,1424422
52558,130,1402661
52558,132,1391288
52558,134,1338770
52558,136,1338499
52558,138,1406585
52558,140,1319972
52558,142,1398544
52558,144,1316586
52558,146,1393656
52558,148,1331176
52558,150,1335133
52558,152,1338273
52558,154,1330347
52558,156,1307851
52558,158,1322268
52558,160,1322315
52558,162,1330055
52558,164,1335784
52558,166,1308452
52558,168,1314307
52558,170,1340638
52558,172,1309071
52558,174,1431517
52558,176,1323167
52558,178,1405069
52558,180,1759396
52558,182,1661907
52558,184,1599637
52558,186,1760734
52558,188,1614510
52558,190,1728232
52558,192,1595774
52558,194,1570842
52558,196,1555236
52558,198,1556014
52558,200,1441949
52558,202,1307332
52558,204,1289826
52558,206,1308791
52558,208,1270162
52558,210,1267093
52558,212,1251811
52558,214,1273055
52558,216,1269322
52558,218,1331947
52558,220,1366320
52558,222,1295639
52558,224,1271314
52558,226,1276605
52558,228,1272197
52558,230,1272427
52558,232,1266605
52558,234,1372385
52558,236,1270501
52558,238,1413418
52558,240,1256866
52558,242,1277947
52558,244,1251311
52558,246,1274188
52558,248,1261996
52558,250,1245705
52558,252,1243407
52558,254,1277602
52558,256,1259422
52558,258,1225934
52558,260,1230859
52558,262,1225030
52558,264,1223710
52558,266,1210692
52558,268,1190660
52558,270,1245449
52558,272,1220395
52558,274,1185112
52558,276,1180526
52558,278,1209584
52558,280,1181627
52558,282,1216502
52558,284,1197779
52558,286,1196030
52558,288,1179165
52558,290,1207626
52558,292,1267708
52558,294,1188316
52558,296,1233830
52558,298,1218064
72530,2,6200790
72530,4,3433974
72530,6,3110526
72530,8,3082445
72530,10,2949480
72530,12,2813182
72530,14,2811364
72530,16,2864459
72530,18,2975051
72530,20,2865605
72530,22,2587965
72530,24,2558089
72530,26,2557393
72530,28,2603605
72530,30,2533696
72530,32,2619965
72530,34,2566463
72530,36,2561116
72530,38,2546891
72530,40,2565482
72530,42,2593302
72530,44,2531271
72530,46,2616130
72530,48,2943429
72530,50,2562827
72530,52,2410686
72530,54,2418175
72530,56,2417636
72530,58,2306044
72530,60,2279446
72530,62,2313485
72530,64,2551385
72530,66,2329863
72530,68,2372548
72530,70,2580971
72530,72,2470203
72530,74,2397929
72530,76,2278310
72530,78,2277423
72530,80,2262356
72530,82,2254818
72530,84,2274022
72530,86,2282391
72530,88,2242212
72530,90,2223030
72530,92,2084341
72530,94,2101983
72530,96,2036445
72530,98,2184263
72530,100,2135718
72530,102,2017346
72530,104,2122964
72530,106,2039846
72530,108,2035978
72530,110,2021667
72530,112,2009646
72530,114,2051996
72530,116,2006694
72530,118,2041853
72530,120,2004332
72530,122,2037992
72530,124,2030839
72530,126,2004041
72530,128,2055830
72530,130,1997322
72530,132,2090391
72530,134,2016644
72530,136,2027686
72530,138,1981500
72530,140,2095887
72530,142,1998815
72530,144,2025366
72530,146,2020241
72530,148,2001161
72530,150,2010249
72530,152,1980456
72530,154,2007396
72530,156,2034407
72530,158,2023123
72530,160,2004237
72530,162,2001821
72530,164,1994100
72530,166,2147415
72530,168,2016826
72530,170,2087511
72530,172,1960645
72530,174,1996753
72530,176,2019420
72530,178,1924539
72530,180,1899942
72530,182,1977209
72530,184,1858093
72530,186,1851541
72530,188,1845419
72530,190,1825534
72530,192,1826455
72530,194,1829487
72530,196,1816962
72530,198,1895631
72530,200,1902104
72530,202,1810670
72530,204,1881858
72530,206,1814090
72530,208,1795347
72530,210,1835469
72530,212,1796699
72530,214,1828103
72530,216,1816992
72530,218,1799136
72530,220,1797355
72530,222,1814507
72530,224,1800473
72530,226,1809942
72530,228,1820883
72530,230,2267734
72530,232,1870134
72530,234,2002954
72530,236,1971944
72530,238,1840397
72530,240,1891298
72530,242,1800815
72530,244,1842931
72530,246,1810215
72530,248,1810085
72530,250,1813656
72530,252,1822424
72530,254,1793768
72530,256,1822966
72530,258,1850178
72530,260,1911314
72530,262,1798427
72530,264,1815633
72530,266,1758572
72530,268,1778446
72530,270,1745786
72530,272,1900884
72530,274,1775080
72530,276,1758554
72530,278,1722003
72530,280,1753648
72530,282,1718984
72530,284,1740121
72530,286,1742123
72530,288,1730447
72530,290,1745149
72530,292,1762448
72530,294,1720621
72530,296,1718305
72530,298,1752650
100091,2,8650126
100091,4,4695105
100091,6,4594958
100091,8,4238634
100091,10,4257027
100091,12,4224849
100091,14,4100492
100091,16,3838031
100091,18,3995313
100091,20,3924031
100091,22,3864280
100091,24,3848041
100091,26,3848285
100091,28,3870462
100091,30,3694686
100091,32,4599348
100091,34,3743343
100091,36,3729859
100091,38,3584537
100091,40,3533783
100091,42,3468491
100091,44,3509344
100091,46,3480216
100091,48,3567876
100091,50,3492025
100091,52,3901092
100091,54,3829365
100091,56,3557459
100091,58,3605626
100091,60,3439069
100091,62,3238625
100091,64,3148328
100091,66,3254284
100091,68,3219094
100091,70,3223075
100091,72,3176121
100091,74,3289573
100091,76,3168990
100091,78,3132768
100091,80,3118713
100091,82,3113045
100091,84,3110597
100091,86,3097706
100091,88,3146751
100091,90,3098129
100091,92,3093814
100091,94,3106155
100091,96,3171609
100091,98,3134878
100091,100,3205386
100091,102,3126586
100091,104,3133228
100091,106,3094298
100091,108,3100901
100091,110,3102762
100091,112,3112327
100091,114,3198957
100091,116,3321231
100091,118,3131454
100091,120,3052555
100091,122,2998690
100091,124,2923247
100091,126,2874088
100091,128,2879257
100091,130,2785091
100091,132,2802135
100091,134,2770198
100091,136,2801260
100091,138,2818523
100091,140,2908979
100091,142,2798146
100091,144,2853414
100091,146,2795061
100091,148,2782071
100091,150,2777024
100091,152,2746586
100091,154,2808621
100091,156,2773753
100091,158,2771854
100091,160,2820278
100091,162,3488858
100091,164,2859044
100091,166,2952081
100091,168,2796641
100091,170,2785272
100091,172,2770904
100091,174,2741521
100091,176,2913812
100091,178,2930376
100091,180,2801775
100091,182,2782464
100091,184,2755170
100091,186,2850102
100091,188,2856311
100091,190,2754042
100091,192,2755733
100091,194,2753501
100091,196,2737044
100091,198,2724064
100091,200,2871665
100091,202,2714184
100091,204,2772955
100091,206,2723868
100091,208,2763426
100091,210,2814666
100091,212,2770119
100091,214,2740003
100091,216,2850415
100091,218,2761429
100091,220,2715329
100091,222,2774005
100091,224,2724393
100091,226,2765168
100091,228,2723274
100091,230,2777712
100091,232,2756147
100091,234,2865071
100091,236,2783848
100091,238,2730532
100091,240,2714820
100091,242,2759176
100091,244,2667181
100091,246,2660623
100091,248,2640448
100091,250,2598310
100091,252,2623383
100091,254,2544966
100091,256,2560384
100091,258,2633019
100091,260,2581978
100091,262,2555510
100091,264,2501029
100091,266,2640181
100091,268,2466197
100091,270,2607058
100091,272,2475584
100091,274,2521450
100091,276,2497225
100091,278,2507496
100091,280,2466951
100091,282,2490184
100091,284,3101883
100091,286,2886787
100091,288,2866823
100091,290,2678270
100091,292,2577671
100091,294,2514461
100091,296,2463720
100091,298,2555695
138125,2,19788490
138125,4,12829294
138125,6,12373130
138125,8,12603803
138125,10,12412349
138125,12,11987408
138125,14,12327285
138125,16,11587876
138125,18,11612655
138125,20,11041895
138125,22,10400568
138125,24,11020557
138125,26,10499015
138125,28,10461951
138125,30,10893337
138125,32,10499279
138125,34,10410740
138125,36,11961270
138125,38,10465790
138125,40,10425045
138125,42,9805485
138125,44,9447835
138125,46,9293434
138125,48,9338190
138125,50,9571274
138125,52,9325545
138125,54,9297857
138125,56,9283952
138125,58,9936812
138125,60,9329373
138125,62,9410473
138125,64,9441048
138125,66,9318537
138125,68,9213168
138125,70,9259690
138125,72,9347191
138125,74,9394833
138125,76,9259705
138125,78,9365454
138125,80,9323984
138125,82,9132248
138125,84,8955256
138125,86,10229981
138125,88,9524236
138125,90,8321058
138125,92,8155210
138125,94,8756021
138125,96,8221727
138125,98,8269919
138125,100,8320224
138125,102,8317611
138125,104,8134112
138125,106,8168651
138125,108,8396463
138125,110,8241466
138125,112,8270433
138125,114,8134895
138125,116,8179539
138125,118,8336302
138125,120,8151157
138125,122,8188207
138125,124,8201742
138125,126,8253991
138125,128,8110485
138125,130,8218982
138125,132,8126560
138125,134,8754129
138125,136,8210782
138125,138,8253549
138125,140,8262778
138125,142,8294918
138125,144,8122458
138125,146,8081452
138125,148,8125187
138125,150,8202569
138125,152,8223410
138125,154,8203663
138125,156,8092960
138125,158,8324935
138125,160,8140048
138125,162,8062930
138125,164,8067400
138125,166,8256180
138125,168,7912563
138125,170,7798799
138125,172,7557066
138125,174,7559804
138125,176,7776441
138125,178,7335948
138125,180,7278786
138125,182,7168124
138125,184,7410346
138125,186,7196389
138125,188,7143525
138125,190,7138380
138125,192,7237976
138125,194,7170354
138125,196,7182848
138125,198,7166034
138125,200,7125001
138125,202,7305277
138125,204,8011067
138125,206,7091049
138125,208,7153936
138125,210,7233289
138125,212,7208111
138125,214,7119808
138125,216,7237459
138125,218,7144261
138125,220,7225100
138125,222,7645531
138125,224,7317734
138125,226,7227940
138125,228,7145566
138125,230,7242143
138125,232,7131284
138125,234,7135519
138125,236,7107646
138125,238,7205275
138125,240,7117007
138125,242,7255948
138125,244,7147162
138125,246,7082716
138125,248,7324211
138125,250,7142043
138125,252,7112574
138125,254,7045379
138125,256,7181070
138125,258,7349685
138125,260,7041461
138125,262,7066874
138125,264,7072017
138125,266,7191980
138125,268,7228705
138125,270,7376782
138125,272,7261756
138125,274,7090399
138125,276,7238317
138125,278,7181172
138125,280,7056876
138125,282,7099870
138125,284,7033180
138125,286,7168003
138125,288,7187472
138125,290,7057640
138125,292,7047188
138125,294,7241171
138125,296,7160119
138125,298,7065886
190612,2,27292445
190612,4,18789839
190612,6,19128954
190612,8,18295645
190612,10,17505237
190612,12,17589724
190612,14,16278978
190612,16,16236764
190612,18,16064437
190612,20,16368581
190612,22,16045573
190612,24,16162019
190612,26,16409525
190612,28,15791388
190612,30,14844851
190612,32,14427790
190612,34,14790247
190612,36,14479764
190612,38,14773142
190612,40,14411527
190612,42,15113627
190612,44,14569881
190612,46,14437854
190612,48,14930333
190612,50,15001828
190612,52,14769097
190612,54,15759834
190612,56,14632029
190612,58,13930572
190612,60,13141070
190612,62,13056913
190612,64,12919091
190612,66,13160424
190612,68,12893552
190612,70,12926043
190612,72,13044833
190612,74,13665147
190612,76,15535337
190612,78,16039356
190612,80,13912006
190612,82,13310866
190612,84,12889293
190612,86,13043878
190612,88,12881305
190612,90,13128954
190612,92,13037487
190612,94,12977144
190612,96,13168984
190612,98,13574434
190612,100,13072231
190612,102,13094789
190612,104,12891172
190612,106,13021174
190612,108,12996673
190612,110,13053101
190612,112,12911915
190612,114,12797191
190612,116,12981046
190612,118,12133086
190612,120,11810232
190612,122,11590997
190612,124,11810028
190612,126,11845115
190612,128,11469595
190612,130,11545259
190612,132,11397016
190612,134,12216451
190612,136,11411622
190612,138,11606151
190612,140,11456627
190612,142,11364030
190612,144,11640677
190612,146,11462756
190612,148,11378637
190612,150,11521330
190612,152,11358834
190612,154,13951516
190612,156,11512817
190612,158,11551328
190612,160,11687351
190612,162,11522552
190612,164,11445596
190612,166,11400183
190612,168,11533410
190612,170,11388515
190612,172,11467557
190612,174,11479634
190612,176,11441572
190612,178,11448943
190612,180,11309369
190612,182,11838320
190612,184,11530726
190612,186,11399573
190612,188,11371267
190612,190,11515944
190612,192,11464849
190612,194,11351356
190612,196,11495170
190612,198,11467988
190612,200,11397655
190612,202,11718879
190612,204,11526060
190612,206,11450411
190612,208,11483120
190612,210,11747104
190612,212,11778817
190612,214,11518735
190612,216,11512235
190612,218,11320232
190612,220,11446821
190612,222,11370452
190612,224,11292749
190612,226,11451610
190612,228,11266250
190612,230,11238185
190612,232,11270810
190612,234,10937556
190612,236,10725281
190612,238,10662054
190612,240,10758020
190612,242,10383084
190612,244,10242692
190612,246,10103121
190612,248,9959606
190612,250,10027791
190612,252,10150646
190612,254,9985970
190612,256,10044356
190612,258,10019818
190612,260,9938423
190612,262,9977937
190612,264,10601105
190612,266,10005278
190612,268,10010164
190612,270,10091228
190612,272,10147681
190612,274,10671442
190612,276,10087122
190612,278,10083351
190612,280,10013810
190612,282,9935511
190612,284,10187316
190612,286,9959187
190612,288,9954498
190612,290,10003604
190612,292,9955440
190612,294,9885820
190612,296,9941765
190612,298,10005892
263044,2,38747467
263044,4,27798691
263044,6,26755861
263044,8,26426737
263044,10,24864079
263044,12,24566388
263044,14,24482056
263044,16,24829876
263044,18,24601530
263044,20,22381878
263044,22,22157381
263044,24,22284936
263044,26,22373513
263044,28,22117205
263044,30,22693316
263044,32,22281796
263044,34,25260870
263044,36,27527635
263044,38,23847016
263044,40,20782113
263044,42,20149078
263044,44,20174407
263044,46,20636016
263044,48,20311182
263044,50,20188792
263044,52,19997707
263044,54,20068464
263044,56,20036745
263044,58,20046719
263044,60,20042017
263044,62,22724405
263044,64,24116297
263044,66,23939798
263044,68,24041888
263044,70,23955537
263044,72,24118698
263044,74,24318162
263044,76,24725949
263044,78,24339079
263044,80,21829503
263044,82,18426762
263044,84,17817997
263044,86,17870837
263044,88,18069449
263044,90,17778246
263044,92,18098770
263044,94,18115048
263044,96,17884709
263044,98,17910551
263044,100,17897158
263044,102,17767312
263044,104,17827763
263044,106,17933887
263044,108,17857708
263044,110,17955953
263044,112,18468268
263044,114,17849287
263044,116,17802029
263044,118,17849711
263044,120,17738253
263044,122,17818249
263044,124,17825566
263044,126,17706613
263044,128,17881721
263044,130,18447595
263044,132,17863497
263044,134,17841569
263044,136,17976521
263044,138,17903598
263044,140,17733419
263044,142,17918782
263044,144,17825276
263044,146,17718325
263044,148,18301595
263044,150,18084009
263044,152,17900724
263044,154,17776836
263044,156,17741240
263044,158,17702728
263044,160,17461166
263044,162,17080671
263044,164,16416259
263044,166,16298220
263044,168,16443237
263044,170,15722431
263044,172,15937233
263044,174,15788364
263044,176,15678321
263044,178,15758381
263044,180,15732853
263044,182,15695268
263044,184,15786125
263044,186,15711118
263044,188,15729845
263044,190,16373566
263044,192,15844527
263044,194,15829803
263044,196,15669441
263044,198,15773242
263044,200,15750060
263044,202,15724218
263044,204,15732246
263044,206,15692143
263044,208,15599144
263044,210,16255048
263044,212,15848770
263044,214,15838722
263044,216,15840556
263044,218,15704010
263044,220,15694212
263044,222,15765112
263044,224,15810885
263044,226,15684937
263044,228,15776990
263044,230,15660842
263044,232,16130447
263044,234,15765216
263044,236,15834566
263044,238,15604141
263044,240,15725692
263044,242,15703893
263044,244,15655921
263044,246,15784472
263044,248,15766119
263044,250,15580284
263044,252,15765539
263044,254,16263374
263044,256,15743297
263044,258,15739001
263044,260,15760193
263044,262,15664578
263044,264,15620467
263044,266,15745657
263044,268,15766143
263044,270,15591984
263044,272,15880061
263044,274,16127929
263044,276,15821191
263044,278,15830674
263044,280,15708773
263044,282,15608211
263044,284,15688835
263044,286,15712741
263044,288,15696308
263044,290,15808233
263044,292,15736864
263044,294,15549069
263044,296,16200845
263044,298,15771947
363000,2,54555905
363000,4,39715483
363000,6,36878712
363000,8,37007355
363000,10,36510837
363000,12,36439391
363000,14,33671967
363000,16,34235894
363000,18,33973549
363000,20,33689425
363000,22,34920531
363000,24,41244188
363000,26,40961262
363000,28,37737234
363000,30,33797839
363000,32,30847381
363000,34,30780990
363000,36,31350861
363000,38,30992403
363000,40,30718015
363000,42,31066192
363000,44,30894489
363000,46,31305557
363000,48,30832030
363000,50,30737581
363000,52,30872795
363000,54,30384819
363000,56,30744110
363000,58,32067797
363000,60,27968184
363000,62,27830491
363000,64,27895863
363000,66,27653956
363000,68,27819702
363000,70,28400565
363000,72,28306635
363000,74,27688075
363000,76,27844532
363000,78,28024673
363000,80,27819659
363000,82,28381722
363000,84,27722000
363000,86,27640926
363000,88,27809763
363000,90,31221798
363000,92,28049523
363000,94,28169870
363000,96,27932574
363000,98,27775110
363000,100,27697114
363000,102,27737719
363000,104,28046124
363000,106,28386864
363000,108,27690841
363000,110,27257372
363000,112,26319291
363000,114,25344456
363000,116,24733316
363000,118,25307872
363000,120,24835210
363000,122,24633490
363000,124,24625232
363000,126,24701819
363000,128,24734985
363000,130,24737430
363000,132,25042903
363000,134,24853638
363000,136,24631888
363000,138,24664996
363000,140,24689316
363000,142,24779718
363000,144,25081303
363000,146,24941904
363000,148,24649479
363000,150,24639320
363000,152,24627251
363000,154,24699441
363000,156,24750583
363000,158,24995410
363000,160,24981619
363000,162,24709487
363000,164,24567233
363000,166,24749503
363000,168,24819487
363000,170,24658127
363000,172,25082734
363000,174,24822339
363000,176,24681000
363000,178,24535224
363000,180,24685555
363000,182,24650897
363000,184,24599732
363000,186,25122584
363000,188,24876451
363000,190,24605143
363000,192,24669831
363000,194,24692772
363000,196,24802875
363000,198,24661527
363000,200,25167181
363000,202,24848915
363000,204,24598627
363000,206,24636866
363000,208,24704821
363000,210,24829426
363000,212,25050495
363000,214,25065658
363000,216,24613737
363000,218,24656995
363000,220,24529605
363000,222,24227562
363000,224,23540608
363000,226,23512412
363000,228,22603596
363000,230,22054648
363000,232,21993703
363000,234,21840819
363000,236,21721021
363000,238,21845282
363000,240,21987997
363000,242,22259384
363000,244,22000258
363000,246,21813795
363000,248,21773978
363000,250,21838235
363000,252,22031444
363000,254,21877796
363000,256,22054861
363000,258,22027936
363000,260,21917197
363000,262,23484998
363000,264,22260460
363000,266,21849996
363000,268,21707807
363000,270,21761803
363000,272,22284400
363000,274,21952617
363000,276,21624739
363000,278,21768703
363000,280,21817651
363000,282,21663593
363000,284,21866116
363000,286,21799260
363000,288,22213371
363000,290,22413700
363000,292,22315649
363000,294,21823170
363000,296,21863977
363000,298,21726191
500939,2,79314121
500939,4,54375670
500939,6,54289004
500939,8,54436315
500939,10,50831968
500939,12,51312576
500939,14,51141163
500939,16,57470029
500939,18,49317459
500939,20,47304678
500939,22,47290360
500939,24,46674599
500939,26,46679312
500939,28,47414788
500939,30,46672797
500939,32,47085796
500939,34,47102081
500939,36,46796160
500939,38,43780287
500939,40,42727833
500939,42,43052561
500939,44,42654700
500939,46,42734833
500939,48,42699655
500939,50,43037374
500939,52,43566731
500939,54,42541364
500939,56,42715122
500939,58,43060750
500939,60,42621658
500939,62,42803613
500939,64,42503727
500939,66,43053935
500939,68,42594922
500939,70,42641407
500939,72,42574780
500939,74,46485072
500939,76,42341514
500939,78,39551909
500939,80,38573375
500939,82,39613211
500939,84,38778249
500939,86,40820943
500939,88,43479904
500939,90,39698193
500939,92,39131084
500939,94,38800809
500939,96,39011881
500939,98,39402824
500939,100,38679707
500939,102,38607265
500939,104,38773490
500939,106,38541171
500939,108,39639398
500939,110,38604093
500939,112,38726427
500939,114,38699468
500939,116,39028577
500939,118,38461319
500939,120,38216515
500939,122,38641051
500939,124,38758900
500939,126,38594756
500939,128,38490048
500939,130,38448000
500939,132,38276076
500939,134,39028421
500939,136,38341521
500939,138,38697392
500939,140,38497302
500939,142,38819764
500939,144,38286712
500939,146,38278360
500939,148,38339789
500939,150,38826757
500939,152,38061442
500939,154,37105986
500939,156,35645647
500939,158,34547308
500939,160,34800267
500939,162,34333877
500939,164,34096016
500939,166,34250249
500939,168,34035758
500939,170,34752296
500939,172,34140697
500939,174,34839958
500939,176,34070447
500939,178,34180524
500939,180,34735771
500939,182,34124381
500939,184,34076623
500939,186,34232808
500939,188,34072675
500939,190,34744554
500939,192,33994292
500939,194,34162854
500939,196,34248928
500939,198,34322152
500939,200,34457475
500939,202,34016259
500939,204,36122275
500939,206,38413813
500939,208,34730126
500939,210,34472276
500939,212,34071889
500939,214,34253224
500939,216,33997547
500939,218,34523099
500939,220,34222251
500939,222,34362316
500939,224,34256976
500939,226,33999960
500939,228,34468144
500939,230,35428544
500939,232,34123814
500939,234,34009561
500939,236,34248061
500939,238,34653495
500939,240,34389414
500939,242,34146639
500939,244,34031432
500939,246,34755809
500939,248,34886111
500939,250,34085619
500939,252,34158210
500939,254,34097955
500939,256,34145467
500939,258,34906556
500939,260,34055327
500939,262,34114957
500939,264,34146294
500939,266,34207201
500939,268,34551252
500939,270,33999666
500939,272,34081025
500939,274,34437179
500939,276,34623814
500939,278,34275916
500939,280,34049836
500939,282,34197051
500939,284,34002815
500939,286,34642665
500939,288,35279182
500939,290,33979064
500939,292,34270854
500939,294,34100120
500939,296,34762066
500939,298,34227154
691295,2,111418295
691295,4,80635654
691295,6,75299430
691295,8,76515145
691295,10,78817303
691295,12,76239747
691295,14,70333758
691295,16,70798793
691295,18,70589173
691295,20,70254447
691295,22,71164370
691295,24,70174612
691295,26,66652902
691295,28,65571552
691295,30,65073275
691295,32,65137519
691295,34,70974741
691295,36,65976075
691295,38,64899966
691295,40,65103884
691295,42,65462689
691295,44,64902026
691295,46,65357637
691295,48,68272216
691295,50,64619697
691295,52,64109085
691295,54,59201125
691295,56,59384203
691295,58,59391646
691295,60,60595255
691295,62,59440453
691295,64,58858207
691295,66,58906576
691295,68,59505285
691295,70,58963121
691295,72,59372464
691295,74,59318575
691295,76,58868566
691295,78,58852625
691295,80,59505226
691295,82,59042445
691295,84,58788981
691295,86,61100321
691295,88,58903297
691295,90,59255578
691295,92,59339168
691295,94,58830451
691295,96,62502067
691295,98,59505942
691295,100,60127941
691295,102,59642515
691295,104,60017170
691295,106,57381677
691295,108,55381481
691295,110,60984576
691295,112,58526851
691295,114,53824654
691295,116,72578690
691295,118,56540284
691295,120,54895660
691295,122,53730139
691295,124,53920637
691295,126,53991008
691295,128,54643336
691295,130,53835180
691295,132,54617938
691295,134,53408423
691295,136,53523225
691295,138,54576499
691295,140,54633624
691295,142,53437346
691295,144,53918163
691295,146,53782838
691295,148,53468012
691295,150,54348588
691295,152,53292141
691295,154,54111443
691295,156,54179560
691295,158,53146765
691295,160,52968495
691295,162,53396091
691295,164,53094054
691295,166,52812249
691295,168,53457332
691295,170,53012315
691295,172,52930259
691295,174,53095039
691295,176,53454855
691295,178,53196718
691295,180,52871147
691295,182,53643416
691295,184,52914426
691295,186,53013034
691295,188,53747973
691295,190,52849322
691295,192,53193605
691295,194,53554985
691295,196,52787994
691295,198,52997623
691295,200,53979825
691295,202,53215514
691295,204,52849588
691295,206,53488027
691295,208,54540993
691295,210,57846981
691295,212,52484262
691295,214,51121000
691295,216,48696464
691295,218,47605161
691295,220,47872197
691295,222,47523732
691295,224,48556159
691295,226,47800987
691295,228,47278508
691295,230,47122506
691295,232,47032680
691295,234,47878703
691295,236,47004095
691295,238,47520395
691295,240,48290780
691295,242,47275518
691295,244,47327243
691295,246,47034755
691295,248,47630829
691295,250,47424938
691295,252,47476112
691295,254,47579655
691295,256,47201507
691295,258,47042508
691295,260,47079455
691295,262,47587739
691295,264,47004350
691295,266,47035592
691295,268,47460561
691295,270,47236049
691295,272,47016063
691295,274,46980469
691295,276,47550597
691295,278,47080157
691295,280,47054819
691295,282,47188063
691295,284,47596734
691295,286,46987543
691295,288,47413772
691295,290,47495731
691295,292,47244983
691295,294,47168648
691295,296,47017532
691295,298,48732253
953987,2,158529521
953987,4,110982610
953987,6,112123620
953987,8,113836272
953987,10,104827676
953987,12,105627975
953987,14,105587006
953987,16,104715743
953987,18,97980109
953987,20,97458399
953987,22,98177383
953987,24,98037380
953987,26,97488741
953987,28,98305318
953987,30,97324695
953987,32,98223072
953987,34,97837062
953987,36,92117757
953987,38,97916292
953987,40,107873353
953987,42,99216961
953987,44,99266415
953987,46,100946565
953987,48,97809752
953987,50,95302437
953987,52,92023445
953987,54,89337967
953987,56,99035383
953987,58,90874347
953987,60,90637467
953987,62,90056347
953987,64,90089470
953987,66,93870231
953987,68,89685750
953987,70,90297794
953987,72,88930389
953987,74,83449557
953987,76,81369198
953987,78,81862168
953987,80,81605788
953987,82,81976096
953987,84,81249536
953987,86,82038911
953987,88,81508833
953987,90,82069872
953987,92,81292159
953987,94,81709322
953987,96,81011174
953987,98,81904203
953987,100,81176736
953987,102,81697755
953987,104,81439423
953987,106,82584982
953987,108,82259251
953987,110,81683393
953987,112,81397810
953987,114,81630278
953987,116,81921696
953987,118,81394265
953987,120,81701832
953987,122,81272179
953987,124,82920511
953987,126,81520108
953987,128,82143207
953987,130,81374032
953987,132,81816487
953987,134,81309058
953987,136,81728272
953987,138,81252058
953987,140,82245200
953987,142,80992028
953987,144,81948831
953987,146,80014913
953987,148,77550456
953987,150,73742273
953987,152,73887625
953987,154,73252259
953987,156,74608669
953987,158,73559385
953987,160,73856592
953987,162,73977186
953987,164,73406386
953987,166,74233204
953987,168,73491790
953987,170,73501081
953987,172,74918385
953987,174,73148875
953987,176,74601664
953987,178,73450653
953987,180,80387143
953987,182,73738656
953987,184,74027520
953987,186,73607228
953987,188,74066401
953987,190,73237439
953987,192,73346511
953987,194,73679437
953987,196,73193783
953987,198,73977991
953987,200,73246103
953987,202,73977954
953987,204,73804861
953987,206,75381993
953987,208,74312631
953987,210,73115963
953987,212,74045435
953987,214,74049550
953987,216,73937878
953987,218,73182897
953987,220,74151996
953987,222,73415019
953987,224,74579942
953987,226,73412909
953987,228,73903915
953987,230,74019148
953987,232,73985527
953987,234,73765648
953987,236,73860629
953987,238,73610806
953987,240,73782263
953987,242,73874157
953987,244,74178074
953987,246,74613190
953987,248,74309013
953987,250,73891946
953987,252,73581166
953987,254,74788384
953987,256,74950837
953987,258,73414222
953987,260,73177768
953987,262,73609978
953987,264,73518115
953987,266,74067734
953987,268,74039697
953987,270,73791368
953987,272,74676946
953987,274,73451427
953987,276,73176353
953987,278,73638106
953987,280,74637806
953987,282,75069713
953987,284,73607962
953987,286,73002185
953987,288,73794503
953987,290,73913785
953987,292,73200359
953987,294,72365609
953987,296,70061014
953987,298,68920946
1316502,2,228336633
1316502,4,167220970
1316502,6,163089001
1316502,8,163475426
1316502,10,157251526
1316502,12,149151748
1316502,14,149615964
1316502,16,147829550
1316502,18,147611815
1316502,20,147709596
1316502,22,147084798
1316502,24,143976823
1316502,26,135909778
1316502,28,137201803
1316502,30,137689284
1316502,32,137301480
1316502,34,136043611
1316502,36,136905962
1316502,38,135621913
1316502,40,136904671
1316502,42,135800478
1316502,44,136098616
1316502,46,138061455
1316502,48,135990676
1316502,50,131426744
1316502,52,125264711
1316502,54,124444774
1316502,56,125223151
1316502,58,125802339
1316502,60,124898757
1316502,62,125994062
1316502,64,125275811
1316502,66,125547735
1316502,68,126399556
1316502,70,125886860
1316502,72,124930427
1316502,74,125558777
1316502,76,126654566
1316502,78,140382170
1316502,80,181103670
1316502,82,181845565
1316502,84,150074533
1316502,86,152597594
1316502,88,141082278
1316502,90,133789746
1316502,92,164935613
1316502,94,140677365
1316502,96,137341556
1316502,98,136547698
1316502,100,132427885
1316502,102,123792691
1316502,104,138793841
1316502,106,143491993
1316502,108,118794716
1316502,110,118869222
1316502,112,115858321
1316502,114,118889585
1316502,116,119683135
1316502,118,147739255
1316502,120,133096368
1316502,122,131320161
1316502,124,131449344
1316502,126,129942186
1316502,128,135406687
1316502,130,129337686
1316502,132,131272157
1316502,134,120366916
1316502,136,135389854
1316502,138,132486865
1316502,140,119107655
1316502,142,128674201
1316502,144,122082259
1316502,146,119967024
1316502,148,119387327
1316502,150,119435465
1316502,152,123402412
1316502,154,118271314
1316502,156,124642978
1316502,158,119240716
1316502,160,116695113
1316502,162,118441654
1316502,164,121315520
1316502,166,118555775
1316502,168,119258074
1316502,170,120374943
1316502,172,119561833
1316502,174,119394939
1316502,176,122802230
1316502,178,117031114
1316502,180,115332064
1316502,182,117387457
1316502,184,116589238
1316502,186,116069112
1316502,188,117005094
1316502,190,117013629
1316502,192,115887854
1316502,194,116661553
1316502,196,119128469
1316502,198,120101100
1316502,200,115566677
1316502,202,116814354
1316502,204,112379323
1316502,206,118080827
1316502,208,108587611
1316502,210,105258079
1316502,212,107942822
1316502,214,104470310
1316502,216,104391278
1316502,218,106923990
1316502,220,103559918
1316502,222,104875459
1316502,224,106603053
1316502,226,103811598
1316502,228,108540430
1316502,230,104458600
1316502,232,103685102
1316502,234,103577540
1316502,236,106615288
1316502,238,109707673
1316502,240,104289313
1316502,242,103535363
1316502,244,110383240
1316502,246,103643260
1316502,248,103931532
1316502,250,104394770
1316502,252,102922450
1316502,254,102984371
1316502,256,102656974
1316502,258,105422209
1316502,260,104029460
1316502,262,102130215
1316502,264,107217277
1316502,266,104913689
1316502,268,107118010
1316502,270,104715396
1316502,272,107653847
1316502,274,109538281
1316502,276,108572578
1316502,278,131572178
1316502,280,129623351
1316502,282,281864143
1316502,284,116532626
1316502,286,117543430
1316502,288,109545240
1316502,290,108742436
1316502,292,111251752
1316502,294,155576777
1316502,296,123844010
1316502,298,111876886
1816772,2,341754639
1816772,4,271106091
1816772,6,270607608
1816772,8,258178947
1816772,10,243014851
1816772,12,251328479
1816772,14,262044832
1816772,16,234482903
1816772,18,219327154
1816772,20,223212837
1816772,22,230892071
1816772,24,224776999
1816772,26,226682768
1816772,28,247394340
1816772,30,228850303
1816772,32,232797607
1816772,34,271590588
1816772,36,220811914
1816772,38,207263822
1816772,40,202493919
1816772,42,198702820
1816772,44,195974210
1816772,46,200873681
1816772,48,197808063
1816772,50,197461621
1816772,52,221501585
1816772,54,224300706
1816772,56,238680488
1816772,58,278790039
1816772,60,216268176
1816772,62,216728642
1816772,64,205896715
1816772,66,235180709
1816772,68,240040999
1816772,70,186363816
1816772,72,181996660
1816772,74,181165472
1816772,76,188397958
1816772,78,202445919
1816772,80,202728639
1816772,82,202830329
1816772,84,206592388
1816772,86,213313489
1816772,88,219261593
1816772,90,219669940
1816772,92,194853531
1816772,94,204748912
1816772,96,186684082
1816772,98,198315073
1816772,100,194081555
1816772,102,192726006
1816772,104,191658659
1816772,106,190927990
1816772,108,200590044
1816772,110,195112261
1816772,112,198372793
1816772,114,193942626
1816772,116,196367702
1816772,118,193280525
1816772,120,191261908
1816772,122,191681246
1816772,124,190650834
1816772,126,191839871
1816772,128,193105981
1816772,130,191617761
1816772,132,191644375
1816772,134,190333344
1816772,136,191415311
1816772,138,190526601
1816772,140,187943602
1816772,142,177358187
1816772,144,173025288
1816772,146,173896297
1816772,148,176048427
1816772,150,173637766
1816772,152,174208493
1816772,154,175622496
1816772,156,174063927
1816772,158,182517403
1816772,160,172971739
1816772,162,180727814
1816772,164,174930822
1816772,166,173299352
1816772,168,174187200
1816772,170,173662434
1816772,172,172198574
1816772,174,174441437
1816772,176,172698361
1816772,178,174809937
1816772,180,173925172
1816772,182,173283585
1816772,184,172018896
1816772,186,172098171
1816772,188,171311222
1816772,190,171460115
1816772,192,171193661
1816772,194,171217242
1816772,196,171249501
1816772,198,171439891
1816772,200,172053641
1816772,202,174993944
1816772,204,175175917
1816772,206,172570570
1816772,208,171557707
1816772,210,174051108
1816772,212,172651759
1816772,214,171922820
1816772,216,171408260
1816772,218,174152258
1816772,220,174982313
1816772,222,170915670
1816772,224,175905286
1816772,226,170591158
1816772,228,171723009
1816772,230,172000085
1816772,232,172090564
1816772,234,171450319
1816772,236,174434038
1816772,238,170630233
1816772,240,172961468
1816772,242,172330050
1816772,244,172793824
1816772,246,171060215
1816772,248,172390886
1816772,250,170729731
1816772,252,170552397
1816772,254,171359417
1816772,256,171458138
1816772,258,171813642
1816772,260,171531879
1816772,262,171708255
1816772,264,172348642
1816772,266,171325673
1816772,268,172056501
1816772,270,170859430
1816772,272,171242417
1816772,274,171131866
1816772,276,172936736
1816772,278,174854173
1816772,280,170071631
1816772,282,163762108
1816772,284,157238766
1816772,286,154688894
1816772,288,153982144
1816772,290,152896785
1816772,292,154480826
1816772,294,154869275
1816772,296,157106969
1816772,298,154407073
2507145,2,502310120
2507145,4,373491560
2507145,6,351713221
2507145,8,349806778
2507145,10,349762164
2507145,12,329840273
2507145,14,329242318
2507145,16,329969833
2507145,18,343854503
2507145,20,329628516
2507145,22,335591642
2507145,24,307759522
2507145,26,309367167
2507145,28,307328268
2507145,30,307626956
2507145,32,307062409
2507145,34,308625861
2507145,36,308099537
2507145,38,308203708
2507145,40,307367939
2507145,42,308471792
2507145,44,309428675
2507145,46,306280042
2507145,48,318668990
2507145,50,454270475
2507145,52,270833910
2507145,54,269495248
2507145,56,273044457
2507145,58,270919459
2507145,60,268239378
2507145,62,304718560
2507145,64,299662178
2507145,66,283836756
2507145,68,284818358
2507145,70,284975344
2507145,72,280627350
2507145,74,280455412
2507145,76,305417525
2507145,78,334221500
2507145,80,372009069
2507145,82,305180672
2507145,84,284411769
2507145,86,284397761
2507145,88,280907437
2507145,90,280199157
2507145,92,282423231
2507145,94,279523346
2507145,96,272063893
2507145,98,257076591
2507145,100,306324780
2507145,102,274110082
2507145,104,254620536
2507145,106,251867418
2507145,108,252063441
2507145,110,255361286
2507145,112,254623496
2507145,114,259021610
2507145,116,255358097
2507145,118,264681242
2507145,120,258947186
2507145,122,267865423
2507145,124,254052113
2507145,126,256001059
2507145,128,251440601
2507145,130,270404122
2507145,132,306441723
2507145,134,312464906
2507145,136,255754465
2507145,138,255710082
2507145,140,261606829
2507145,142,255205801
2507145,144,254073934
2507145,146,257898712
2507145,148,252672232
2507145,150,253428798
2507145,152,252161206
2507145,154,253146335
2507145,156,253482000
2507145,158,252883062
2507145,160,259799574
2507145,162,256861016
2507145,164,259709346
2507145,166,257176410
2507145,168,256536404
2507145,170,256834059
2507145,172,256902648
2507145,174,256543115
2507145,176,252045599
2507145,178,258746825
2507145,180,256868389
2507145,182,260185816
2507145,184,257076070
2507145,186,255671701
2507145,188,270599135
2507145,190,273521638
2507145,192,260262835
2507145,194,278133899
2507145,196,269308028
2507145,198,359425047
2507145,200,237517196
2507145,202,234797742
2507145,204,234002548
2507145,206,414617462
2507145,208,533261804
2507145,210,278594866
2507145,212,257648442
2507145,214,550159297
2507145,216,429541401
2507145,218,366582527
2507145,220,246219245
2507145,222,373918150
2507145,224,332374273
2507145,226,312115470
2507145,228,331299439
2507145,230,307305809
2507145,232,276459876
2507145,234,296414965
2507145,236,251180585
2507145,238,238424986
2507145,240,239263021
2507145,242,243052565
2507145,244,258554553
2507145,246,242717853
2507145,248,234546269
2507145,250,251207145
2507145,252,233601668
2507145,254,232468981
2507145,256,241499626
2507145,258,240397765
2507145,260,235849703
2507145,262,233795977
2507145,264,245215985
2507145,266,262549046
2507145,268,227699430
2507145,270,226246443
2507145,272,229699932
2507145,274,227442196
2507145,276,231307180
2507145,278,231796629
2507145,280,248663371
2507145,282,229357623
2507145,284,238582493
2507145,286,245550711
2507145,288,232280687
2507145,290,233856023
2507145,292,234120209
2507145,294,314976570
2507145,296,264523709
2507145,298,245438664
3459860,2,770218909
3459860,4,580090844
3459860,6,568056195
3459860,8,552150786
3459860,10,501034661
3459860,12,508014475
3459860,14,480546877
3459860,16,449148350
3459860,18,449969046
3459860,20,460902797
3459860,22,458947762
3459860,24,450419621
3459860,26,448179728
3459860,28,468226767
3459860,30,443473828
3459860,32,438964988
3459860,34,459814606
3459860,36,419269906
3459860,38,425299415
3459860,40,420804984
3459860,42,422970666
3459860,44,419188508
3459860,46,440649645
3459860,48,432314035
3459860,50,418949647
3459860,52,478176354
3459860,54,458517790
3459860,56,556140648
3459860,58,552748993
3459860,60,451968877
3459860,62,409604098
3459860,64,462172928
3459860,66,428736124
3459860,68,390150216
3459860,70,383600817
3459860,72,388946588
3459860,74,464994820
3459860,76,387760929
3459860,78,386590376
3459860,80,373094430
3459860,82,375927801
3459860,84,370973232
3459860,86,392293914
3459860,88,387953571
3459860,90,377103296
3459860,92,372139403
3459860,94,375029472
3459860,96,373774966
3459860,98,368715798
3459860,100,371154966
3459860,102,370551988
3459860,104,369401747
3459860,106,371072466
3459860,108,370608501
3459860,110,368140512
3459860,112,368275020
3459860,114,367273433
3459860,116,368016617
3459860,118,371481735
3459860,120,373223790
3459860,122,370454835
3459860,124,368514879
3459860,126,368238634
3459860,128,368676407
3459860,130,366625989
3459860,132,366595620
3459860,134,345042189
3459860,136,335193178
3459860,138,335636006
3459860,140,335862869
3459860,142,344370593
3459860,144,356354557
3459860,146,353525937
3459860,148,367040505
3459860,150,345957529
3459860,152,346046558
3459860,154,354016795
3459860,156,371713081
3459860,158,370501082
3459860,160,418734358
3459860,162,425171412
3459860,164,359477103
3459860,166,353084403
3459860,168,396900100
3459860,170,342864555
3459860,172,335174645
3459860,174,335886246
3459860,176,346311368
3459860,178,338966608
3459860,180,337710282
3459860,182,335921330
3459860,184,337115290
3459860,186,339388896
3459860,188,336745204
3459860,190,337049806
3459860,192,337831619
3459860,194,339924022
3459860,196,332806439
3459860,198,333758841
3459860,200,335391263
3459860,202,334506750
3459860,204,334842483
3459860,206,341313019
3459860,208,336798892
3459860,210,333788916
3459860,212,332613199
3459860,214,333810839
3459860,216,333590512
3459860,218,333500384
3459860,220,333529347
3459860,222,332593322
3459860,224,333079680
3459860,226,331951768
3459860,228,332590432
3459860,230,332350074
3459860,232,332655835
3459860,234,345435891
3459860,236,341656237
3459860,238,335059513
3459860,240,333090208
3459860,242,333210351
3459860,244,332887052
3459860,246,333037287
3459860,248,332535993
3459860,250,333316437
3459860,252,332282853
3459860,254,332130024
3459860,256,332244936
3459860,258,333067821
3459860,260,331486165
3459860,262,332028593
3459860,264,330943489
3459860,266,338400876
3459860,268,328969845
3459860,270,307563560
3459860,272,301806461
3459860,274,301459440
3459860,276,301792763
3459860,278,301267826
3459860,280,300804020
3459860,282,301893287
3459860,284,301157322
3459860,286,301156198
3459860,288,300464872
3459860,290,301450316
3459860,292,300170994
3459860,294,300641466
3459860,296,300611021
3459860,298,317349086
4774606,2,910691461
4774606,4,713670296
4774606,6,679887743
4774606,8,706430826
4774606,10,673196210
4774606,12,683818853
4774606,14,696073174
4774606,16,676958498
4774606,18,666850141
4774606,20,671580729
4774606,22,654328083
4774606,24,631552517
4774606,26,616177351
4774606,28,627933556
4774606,30,681987272
4774606,32,634954670
4774606,34,631070463
4774606,36,634517201
4774606,38,634713396
4774606,40,626961762
4774606,42,624314564
4774606,44,624573084
4774606,46,570170735
4774606,48,599012031
4774606,50,581314695
4774606,52,578004518
4774606,54,549217781
4774606,56,545602523
4774606,58,545134249
4774606,60,544526888
4774606,62,571422753
4774606,64,584845451
4774606,66,581268822
4774606,68,587319337
4774606,70,596419269
4774606,72,582329414
4774606,74,591685998
4774606,76,587520987
4774606,78,586573611
4774606,80,595793407
4774606,82,583308319
4774606,84,574881535
4774606,86,591719281
4774606,88,575992973
4774606,90,551222559
4774606,92,552522053
4774606,94,534150113
4774606,96,546745038
4774606,98,540712781
4774606,100,541454578
4774606,102,538823185
4774606,104,537181067
4774606,106,539744045
4774606,108,519079405
4774606,110,503143202
4774606,112,502929834
4774606,114,503799177
4774606,116,514325751
4774606,118,558796852
4774606,120,537727036
4774606,122,540298040
4774606,124,516199976
4774606,126,506257638
4774606,128,543451933
4774606,130,523098504
4774606,132,505706151
4774606,134,502556568
4774606,136,511017040
4774606,138,503010975
4774606,140,503928290
4774606,142,502987377
4774606,144,503305539
4774606,146,502691426
4774606,148,504304720
4774606,150,579295570
4774606,152,539029600
4774606,154,569189404
4774606,156,588009559
4774606,158,585315044
4774606,160,583680326
4774606,162,585139796
4774606,164,583533620
4774606,166,585681245
4774606,168,586046115
4774606,170,584887375
4774606,172,574081994
4774606,174,522033575
4774606,176,505608733
4774606,178,503133943
4774606,180,501555264
4774606,182,500178677
4774606,184,495364483
4774606,186,464474490
4774606,188,458675132
4774606,190,457167208
4774606,192,467308083
4774606,194,463275750
4774606,196,457322685
4774606,198,457417344
4774606,200,457300803
4774606,202,458315338
4774606,204,457758321
4774606,206,458302889
4774606,208,457550868
4774606,210,458824785
4774606,212,458386102
4774606,214,464656008
4774606,216,458187180
4774606,218,458273409
4774606,220,457046770
4774606,222,456742920
4774606,224,459861450
4774606,226,456909801
4774606,228,458161096
4774606,230,457485833
4774606,232,457804002
4774606,234,457342259
4774606,236,463512691
4774606,238,461712193
4774606,240,456545778
4774606,242,456845125
4774606,244,457506188
4774606,246,457349887
4774606,248,458192137
4774606,250,462752709
4774606,252,457735428
4774606,254,460854750
4774606,256,457672557
4774606,258,465063857
4774606,260,458634633
4774606,262,457350740
4774606,264,457513892
4774606,266,457185111
4774606,268,457289015
4774606,270,457647506
4774606,272,458314796
4774606,274,456505457
4774606,276,457388424
4774606,278,457397630
4774606,280,465973624
4774606,282,461514255
4774606,284,457628407
4774606,286,457744241
4774606,288,457252763
4774606,290,457007525
4774606,292,456656980
4774606,294,457682533
4774606,296,463931977
4774606,298,458461749
6588956,2,1298210468
6588956,4,965968646
6588956,6,968885512
6588956,8,917980017
6588956,10,916033601
6588956,12,929701797
6588956,14,915393378
6588956,16,864020473
6588956,18,862533913
6588956,20,866035316
6588956,22,862891301
6588956,24,871130946
6588956,26,865124207
6588956,28,863290609
6588956,30,863913118
6588956,32,807584583
6588956,34,809568746
6588956,36,814911209
6588956,38,807562803
6588956,40,806474494
6588956,42,806799945
6588956,44,805824012
6588956,46,806875982
6588956,48,813561080
6588956,50,806880916
6588956,52,805932862
6588956,54,806454959
6588956,56,805268736
6588956,58,805780521
6588956,60,816664022
6588956,62,807421348
6588956,64,748840410
6588956,66,749777738
6588956,68,747807820
6588956,70,757264701
6588956,72,756569944
6588956,74,750390815
6588956,76,750154151
6588956,78,771312121
6588956,80,749008830
6588956,82,749536334
6588956,84,749500620
6588956,86,755646313
6588956,88,753592453
6588956,90,748071995
6588956,92,749805568
6588956,94,749609979
6588956,96,749438178
6588956,98,748618241
6588956,100,755974440
6588956,102,749276216
6588956,104,748726046
6588956,106,748923289
6588956,108,748960783
6588956,110,764518166
6588956,112,816592354
6588956,114,806628561
6588956,116,797045514
6588956,118,806055030
6588956,120,811054349
6588956,122,792842104
6588956,124,825148976
6588956,126,801708764
6588956,128,720126685
6588956,130,769562322
6588956,132,752756228
6588956,134,751595943
6588956,136,763837510
6588956,138,764385414
6588956,140,784643181
6588956,142,831960743
6588956,144,763948323
6588956,146,739906915
6588956,148,757604268
6588956,150,883895649
6588956,152,821111649
6588956,154,879746161
6588956,156,749768133
6588956,158,770302338
6588956,160,802866461
6588956,162,1002106867
6588956,164,764168473
6588956,166,771299676
6588956,168,823247209
6588956,170,799564555
6588956,172,954234774
6588956,174,922622072
6588956,176,1251555451
6588956,178,995502413
6588956,180,1040607213
6588956,182,941170099
6588956,184,826695100
6588956,186,835854492
6588956,188,796239491
6588956,190,795345834
6588956,192,806582343
6588956,194,833472329
6588956,196,802534581
6588956,198,746893097
6588956,200,748962291
6588956,202,743450094
6588956,204,737172364
6588956,206,736449638
6588956,208,739215877
6588956,210,743794988
6588956,212,736433193
6588956,214,730062565
6588956,216,734623683
6588956,218,734004545
6588956,220,738834905
6588956,222,739600569
6588956,224,744796539
6588956,226,732630542
6588956,228,755422626
6588956,230,810050961
6588956,232,870916408
6588956,234,869795356
6588956,236,776615654
6588956,238,869690540
6588956,240,729137313
6588956,242,761666799
6588956,244,748415277
6588956,246,736879833
6588956,248,720861377
6588956,250,722496665
6588956,252,718680793
6588956,254,711926240
6588956,256,690389566
6588956,258,658499956
6588956,260,655374807
6588956,262,654616399
6588956,264,658701074
6588956,266,656830285
6588956,268,651345724
6588956,270,651179603
6588956,272,652023686
6588956,274,654671858
6588956,276,656203691
6588956,278,656064339
6588956,280,654017596
6588956,282,649383952
6588956,284,652623339
6588956,286,650168022
6588956,288,647983335
6588956,290,647844346
6588956,292,652264913
6588956,294,653943936
6588956,296,655522984
6588956,298,652858362
9092759,2,1866818407
9092759,4,1404699902
9092759,6,1377743025
9092759,8,1365112081
9092759,10,1311930348
9092759,12,1305960021
9092759,14,1304918677
9092759,16,1298280788
9092759,18,1313219279
9092759,20,1314907469
9092759,22,1226972618
9092759,24,1226363743
9092759,26,1246480399
9092759,28,1253638332
9092759,30,1226948682
9092759,32,1228817616
9092759,34,1225663193
9092759,36,1228547681
9092759,38,1224017296
9092759,40,1221982958
9092759,42,1220519315
9092759,44,1145834117
9092759,46,1147039944
9092759,48,1140608934
9092759,50,1142435579
9092759,52,1142529275
9092759,54,1146184454
9092759,56,1141473045
9092759,58,1154735428
9092759,60,1140930944
9092759,62,1150905107
9092759,64,1145309922
9092759,66,1142511978
9092759,68,1142326129
9092759,70,1145065541
9092759,72,1143356469
9092759,74,1141962076
9092759,76,1149748036
9092759,78,1143882667
9092759,80,1152934532
9092759,82,1145573075
9092759,84,1137650970
9092759,86,1146175351
9092759,88,1072299838
9092759,90,1300569819
9092759,92,1178497376
9092759,94,1257457394
9092759,96,1185737383
9092759,98,1343338267
9092759,100,1153234166
9092759,102,1138571870
9092759,104,1325012921
9092759,106,1224156157
9092759,108,1182130161
9092759,110,1198212793
9092759,112,1130011444
9092759,114,1180709048
9092759,116,1240364203
9092759,118,1186861527
9092759,120,1167344160
9092759,122,1198885445
9092759,124,1136719642
9092759,126,1150298627
9092759,128,1205591963
9092759,130,1176840581
9092759,132,1167861587
9092759,134,1219317933
9092759,136,1203530387
9092759,138,1161633322
9092759,140,1130439088
9092759,142,1141238058
9092759,144,1108592268
9092759,146,1113549565
9092759,148,1118232416
9092759,150,1071603900
9092759,152,1073380665
9092759,154,1069789432
9092759,156,1074309070
9092759,158,1067687782
9092759,160,1064403599
9092759,162,1062483307
9092759,164,1060578033
9092759,166,1071216256
9092759,168,1060067824
9092759,170,1062116299
9092759,172,1060370275
9092759,174,1159365395
9092759,176,1171743350
9092759,178,1147061366
9092759,180,1051415029
9092759,182,1019139508
9092759,184,1062565040
9092759,186,1051519363
9092759,188,1058597494
9092759,190,1023240575
9092759,192,1026947083
9092759,194,1029242980
9092759,196,1020677873
9092759,198,1028505732
9092759,200,1011756475
9092759,202,1012578888
9092759,204,1016502824
9092759,206,1008367644
9092759,208,990532368
9092759,210,989600591
9092759,212,987674815
9092759,214,992415446
9092759,216,988175548
9092759,218,983606837
9092759,220,984325177
9092759,222,984903660
9092759,224,988628879
9092759,226,986941727
9092759,228,981888105
9092759,230,983749241
9092759,232,1002875067
9092759,234,1029449102
9092759,236,1239807017
9092759,238,999240650
9092759,240,993072278
9092759,242,995080583
9092759,244,1002917627
9092759,246,987833623
9092759,248,1017589415
9092759,250,992239277
9092759,252,1066093048
9092759,254,999131696
9092759,256,990660280
9092759,258,977912762
9092759,260,978822442
9092759,262,974716196
9092759,264,982769454
9092759,266,974364234
9092759,268,970428245
9092759,270,969369780
9092759,272,979101228
9092759,274,984184609
9092759,276,972549813
9092759,278,973611187
9092759,280,973456168
9092759,282,972210810
9092759,284,978897872
9092759,286,979535380
9092759,288,970208449
9092759,290,981915283
9092759,292,971683999
9092759,294,981462433
9092759,296,974719938
9092759,298,972142192
